{"cameraMode":{"drawMode":0,"name":"Shaded","section":"Shading Mode"},"sceneLighting":false,"audioPlay":false,"sceneViewState":{"showFog":true,"showMaterialUpdate":false,"showSkybox":true,"showFlares":true,"showImageEffects":true,"showParticleSystems":true},"in2DMode":false,"pivot":{"x":0.8642451763153076,"y":2.3853838443756105,"z":0.4866170883178711},"rotation":{"x":-0.195791095495224,"y":0.2761319875717163,"z":-0.057520072907209399,"w":-0.9392531514167786},"size":7.019006729125977,"orthographic":false}