{"cameraMode":{"drawMode":0,"name":"Shaded","section":"Shading Mode"},"sceneLighting":true,"audioPlay":false,"sceneViewState":{"showFog":true,"showMaterialUpdate":false,"showSkybox":true,"showFlares":true,"showImageEffects":true,"showParticleSystems":true},"in2DMode":false,"pivot":{"x":-32.70039749145508,"y":0.501813530921936,"z":-21.501508712768556},"rotation":{"x":0.15998993813991548,"y":0.5143841505050659,"z":-0.09851329773664475,"w":0.8368018865585327},"size":2.689800977706909,"orthographic":true}