{"cameraMode":{"drawMode":0,"name":"Shaded","section":"Shading Mode"},"sceneLighting":true,"audioPlay":false,"sceneViewState":{"showFog":true,"showMaterialUpdate":false,"showSkybox":true,"showFlares":true,"showImageEffects":true,"showParticleSystems":true},"in2DMode":false,"pivot":{"x":0.00005310773849487305,"y":0.8029999732971191,"z":0.014175832271575928},"rotation":{"x":0.015462901443243027,"y":-0.9190007448196411,"z":0.036119215190410617,"w":0.39233601093292239},"size":2.8578836917877199,"orthographic":false}