{"cameraMode":{"drawMode":0,"name":"Shaded","section":"Shading Mode"},"sceneLighting":false,"audioPlay":false,"sceneViewState":{"showFog":true,"showMaterialUpdate":false,"showSkybox":true,"showFlares":true,"showImageEffects":true,"showParticleSystems":true},"in2DMode":false,"pivot":{"x":0.000744938850402832,"y":0.3325932025909424,"z":0.12120676040649414},"rotation":{"x":0.015462901443243027,"y":-0.9190007448196411,"z":0.036119215190410617,"w":0.39233601093292239},"size":2.7205867767333986,"orthographic":false}