{"cameraMode":{"drawMode":0,"name":"Shaded","section":"Shading Mode"},"sceneLighting":false,"audioPlay":false,"sceneViewState":{"showFog":true,"showMaterialUpdate":false,"showSkybox":true,"showFlares":true,"showImageEffects":true,"showParticleSystems":true},"in2DMode":false,"pivot":{"x":-0.25907254219055178,"y":0.4050709009170532,"z":-0.13959062099456788},"rotation":{"x":-0.195791095495224,"y":0.2761319875717163,"z":-0.057520072907209399,"w":-0.9392531514167786},"size":1.9869269132614136,"orthographic":false}