{"cameraMode":{"drawMode":0,"name":"Shaded","section":"Shading Mode"},"sceneLighting":false,"audioPlay":false,"sceneViewState":{"showFog":true,"showMaterialUpdate":false,"showSkybox":true,"showFlares":true,"showImageEffects":true,"showParticleSystems":true},"in2DMode":false,"pivot":{"x":0.011841773986816407,"y":0.20127418637275697,"z":-0.019635915756225587},"rotation":{"x":0.04024474695324898,"y":0.9031989574432373,"z":-0.08699571341276169,"w":0.41841021180152895},"size":1.0588445663452149,"orthographic":false}